flight_id,flight_number,origin,destination,aircraft_type,flight_date,delay_minutes
FL-1000,FJ412,SUV,SYD,737 MAX,2024-11-16,0
FL-1001,FJ570,NAN,LAX,A350,2024-12-21,0
FL-1002,FJ124,NAN,TBU,ATR-72,2024-08-20,18
FL-1003,FJ890,SUV,SYD,737 MAX,2024-04-19,67
FL-1004,FJ515,NAN,LAX,A350,2024-12-21,13
FL-1005,FJ820,NAN,LAX,A350,2024-01-15,0
FL-1006,FJ172,NAN,SYD,A350,2024-10-04,5
FL-1007,FJ440,NAN,SIN,A330,2024-12-08,5
FL-1008,FJ870,NAN,VLI,ATR-72,2023-02-03,8
FL-1009,FJ727,NAN,NRT,A330,2024-12-15,0
FL-1010,FJ913,NAN,VLI,ATR-72,2024-08-12,47
FL-1011,FJ182,NAN,SFO,A350,2024-12-02,14
FL-1012,FJ853,NAN,TBU,ATR-72,2023-12-10,22
FL-1013,FJ790,NAN,SYD,A350,2024-06-11,0
FL-1014,FJ474,NAN,HKG,A330,2023-02-22,0
FL-1015,FJ141,SUV,SYD,737 MAX,2024-09-25,17
FL-1016,FJ672,NAN,HKG,A330,2024-01-11,43
FL-1017,FJ826,NAN,AKL,737 MAX,2024-07-28,15
FL-1018,FJ442,NAN,SFO,A350,2023-05-22,42
FL-1019,FJ216,NAN,SFO,A350,2024-07-06,33
FL-1020,FJ992,SUV,SYD,737 MAX,2024-08-17,0
FL-1021,FJ428,NAN,SFO,A350,2023-08-19,0
FL-1022,FJ615,NAN,HKG,A330,2023-10-01,21
FL-1023,FJ155,NAN,SIN,A330,2023-10-11,11
FL-1024,FJ597,NAN,AKL,737 MAX,2024-01-17,6
FL-1025,FJ949,NAN,VLI,ATR-72,2024-06-23,10
FL-1026,FJ826,NAN,AKL,737 MAX,2024-04-26,11
FL-1027,FJ945,NAN,VLI,ATR-72,2024-11-25,48
FL-1028,FJ562,NAN,VLI,ATR-72,2023-10-27,0
FL-1029,FJ809,NAN,TBU,ATR-72,2024-01-12,6
FL-1030,FJ568,NAN,AKL,737 MAX,2023-07-12,15
FL-1031,FJ283,NAN,AKL,737 MAX,2023-03-24,23
FL-1032,FJ382,NAN,NRT,A330,2023-03-20,19
FL-1033,FJ251,NAN,AKL,737 MAX,2024-12-14,56
FL-1034,FJ995,SUV,SYD,737 MAX,2023-06-04,31
FL-1035,FJ742,NAN,SFO,A350,2024-06-17,16
FL-1036,FJ526,NAN,SYD,A350,2023-10-28,0
FL-1037,FJ585,NAN,VLI,ATR-72,2023-05-16,11
FL-1038,FJ760,NAN,HKG,A330,2024-03-06,23
FL-1039,FJ293,NAN,SYD,A350,2023-10-26,36
FL-1040,FJ337,NAN,AKL,737 MAX,2023-01-23,64
FL-1041,FJ443,NAN,VLI,ATR-72,2024-10-22,18
FL-1042,FJ451,NAN,SIN,A330,2024-08-15,14
FL-1043,FJ707,NAN,HKG,A330,2024-05-12,0
FL-1044,FJ555,NAN,VLI,ATR-72,2024-07-15,0
FL-1045,FJ680,SUV,SYD,737 MAX,2023-11-08,0
FL-1046,FJ275,NAN,LAX,A350,2023-11-10,0
FL-1047,FJ595,NAN,NRT,A330,2023-08-21,10
FL-1048,FJ888,NAN,HKG,A330,2023-10-23,8
FL-1049,FJ461,NAN,SYD,A350,2023-06-01,20
FL-1050,FJ270,NAN,NRT,A330,2024-04-11,15
FL-1051,FJ828,NAN,TBU,ATR-72,2023-06-14,18
FL-1052,FJ286,NAN,VLI,ATR-72,2023-10-20,12
FL-1053,FJ809,NAN,LAX,A350,2024-12-26,6
FL-1054,FJ343,NAN,LAX,A350,2023-06-15,61
FL-1055,FJ688,NAN,AKL,737 MAX,2023-02-12,0
FL-1056,FJ288,NAN,LAX,A350,2024-03-27,55
FL-1057,FJ824,NAN,SFO,A350,2024-07-29,7
FL-1058,FJ424,NAN,SYD,A350,2024-11-12,14
FL-1059,FJ481,NAN,HKG,A330,2023-06-01,0
FL-1060,FJ266,SUV,SYD,737 MAX,2024-07-06,0
FL-1061,FJ224,NAN,VLI,ATR-72,2023-11-05,11
FL-1062,FJ886,NAN,SYD,A350,2024-02-19,27
FL-1063,FJ427,NAN,LAX,A350,2024-04-14,6
FL-1064,FJ659,NAN,LAX,A350,2023-01-05,16
FL-1065,FJ762,NAN,VLI,ATR-72,2023-12-06,6
FL-1066,FJ396,NAN,NRT,A330,2024-04-30,9
FL-1067,FJ250,NAN,TBU,ATR-72,2024-11-13,47
FL-1068,FJ215,NAN,TBU,ATR-72,2024-03-28,38
FL-1069,FJ664,SUV,SYD,737 MAX,2023-02-11,14
FL-1070,FJ125,NAN,AKL,737 MAX,2023-11-12,5
FL-1071,FJ961,NAN,SIN,A330,2024-09-24,0
FL-1072,FJ465,NAN,SFO,A350,2024-04-01,61
FL-1073,FJ156,NAN,AKL,737 MAX,2023-12-01,0
FL-1074,FJ299,NAN,TBU,ATR-72,2024-10-18,33
FL-1075,FJ327,NAN,TBU,ATR-72,2024-06-23,9
FL-1076,FJ123,NAN,NRT,A330,2023-07-20,84
FL-1077,FJ969,NAN,AKL,737 MAX,2024-07-05,9
FL-1078,FJ787,SUV,SYD,737 MAX,2024-11-24,8
FL-1079,FJ503,NAN,AKL,737 MAX,2024-06-08,20
FL-1080,FJ425,NAN,SFO,A350,2024-05-17,65
FL-1081,FJ623,NAN,TBU,ATR-72,2024-09-11,74
FL-1082,FJ469,NAN,SYD,A350,2024-11-13,24
FL-1083,FJ833,NAN,SIN,A330,2023-06-01,28
FL-1084,FJ112,NAN,SIN,A330,2024-01-14,16
FL-1085,FJ459,NAN,NRT,A330,2023-12-20,28
FL-1086,FJ995,NAN,NRT,A330,2024-04-01,39
FL-1087,FJ554,NAN,VLI,ATR-72,2023-03-31,13
FL-1088,FJ925,NAN,SIN,A330,2024-03-29,19
FL-1089,FJ701,NAN,SIN,A330,2024-02-29,15
FL-1090,FJ410,NAN,TBU,ATR-72,2023-03-30,16
FL-1091,FJ443,SUV,SYD,737 MAX,2024-06-21,44
FL-1092,FJ874,NAN,AKL,737 MAX,2024-08-27,8
FL-1093,FJ106,NAN,SIN,A330,2023-04-01,0
FL-1094,FJ379,NAN,SIN,A330,2024-10-16,12
FL-1095,FJ669,NAN,SIN,A330,2023-06-29,0
FL-1096,FJ681,SUV,SYD,737 MAX,2024-12-28,13
FL-1097,FJ290,NAN,LAX,A350,2023-07-24,46
FL-1098,FJ667,NAN,SIN,A330,2023-10-24,19
FL-1099,FJ409,SUV,SYD,737 MAX,2023-02-13,38
FL-1100,FJ605,NAN,TBU,ATR-72,2023-11-08,0
FL-1101,FJ329,NAN,VLI,ATR-72,2024-04-19,46
FL-1102,FJ407,NAN,SYD,A350,2023-01-03,18
FL-1103,FJ769,SUV,SYD,737 MAX,2023-05-08,0
FL-1104,FJ804,NAN,NRT,A330,2024-03-03,20
FL-1105,FJ383,NAN,SFO,A350,2023-01-30,60
FL-1106,FJ470,SUV,SYD,737 MAX,2023-03-10,0
FL-1107,FJ679,NAN,TBU,ATR-72,2024-05-07,17
FL-1108,FJ743,NAN,SIN,A330,2023-09-22,49
FL-1109,FJ937,SUV,SYD,737 MAX,2024-12-11,0
FL-1110,FJ689,NAN,AKL,737 MAX,2024-01-18,19
FL-1111,FJ266,NAN,SYD,A350,2023-09-23,12
FL-1112,FJ572,NAN,TBU,ATR-72,2023-03-01,8
FL-1113,FJ379,NAN,LAX,A350,2024-01-01,19
FL-1114,FJ464,NAN,HKG,A330,2024-03-05,0
FL-1115,FJ398,NAN,SYD,A350,2023-10-24,27
FL-1116,FJ178,NAN,VLI,ATR-72,2024-10-16,0
FL-1117,FJ884,NAN,VLI,ATR-72,2023-07-18,7
FL-1118,FJ713,NAN,LAX,A350,2023-04-07,14
FL-1119,FJ430,NAN,LAX,A350,2024-07-10,9
FL-1120,FJ919,NAN,HKG,A330,2024-12-02,7
FL-1121,FJ801,NAN,NRT,A330,2023-10-05,35
FL-1122,FJ647,NAN,HKG,A330,2023-04-09,54
FL-1123,FJ943,NAN,TBU,ATR-72,2023-12-27,41
FL-1124,FJ388,NAN,LAX,A350,2023-01-14,14
FL-1125,FJ521,NAN,HKG,A330,2024-05-11,43
FL-1126,FJ204,NAN,HKG,A330,2023-06-16,50
FL-1127,FJ615,NAN,SFO,A350,2023-06-08,10
FL-1128,FJ914,NAN,SFO,A350,2023-07-12,6
FL-1129,FJ806,NAN,VLI,ATR-72,2024-09-20,0
FL-1130,FJ829,NAN,VLI,ATR-72,2024-06-28,13
FL-1131,FJ874,NAN,VLI,ATR-72,2024-12-20,58
FL-1132,FJ178,NAN,AKL,737 MAX,2024-03-03,16
FL-1133,FJ117,NAN,AKL,737 MAX,2023-05-15,22
FL-1134,FJ419,SUV,SYD,737 MAX,2023-12-23,0
FL-1135,FJ936,NAN,HKG,A330,2023-05-23,0
FL-1136,FJ635,SUV,SYD,737 MAX,2024-09-03,12
FL-1137,FJ826,NAN,HKG,A330,2023-06-26,60
FL-1138,FJ221,NAN,NRT,A330,2023-01-30,8
FL-1139,FJ977,NAN,SFO,A350,2023-05-12,41
FL-1140,FJ332,NAN,LAX,A350,2024-12-05,0
FL-1141,FJ314,NAN,NRT,A330,2023-05-09,19
FL-1142,FJ881,NAN,LAX,A350,2023-03-22,18
FL-1143,FJ875,NAN,AKL,737 MAX,2023-03-21,160
FL-1144,FJ133,NAN,SIN,A330,2023-02-13,0
FL-1145,FJ160,NAN,VLI,ATR-72,2024-08-30,0
FL-1146,FJ359,SUV,SYD,737 MAX,2023-05-02,0
FL-1147,FJ110,NAN,SYD,A350,2023-03-09,59
FL-1148,FJ716,NAN,AKL,737 MAX,2023-05-07,0
FL-1149,FJ304,NAN,SFO,A350,2024-08-24,0
FL-1150,FJ459,NAN,LAX,A350,2024-11-17,15
FL-1151,FJ249,NAN,SYD,A350,2023-04-03,15
FL-1152,FJ456,NAN,NRT,A330,2024-08-16,37
FL-1153,FJ975,NAN,HKG,A330,2023-06-14,59
FL-1154,FJ347,NAN,VLI,ATR-72,2024-09-19,15
FL-1155,FJ169,NAN,VLI,ATR-72,2024-08-06,53
FL-1156,FJ881,NAN,AKL,737 MAX,2024-08-15,25
FL-1157,FJ322,NAN,SYD,A350,2024-06-25,6
FL-1158,FJ275,NAN,SFO,A350,2023-10-16,52
FL-1159,FJ201,NAN,VLI,ATR-72,2023-01-05,22
FL-1160,FJ971,NAN,SFO,A350,2024-05-31,10
FL-1161,FJ289,SUV,SYD,737 MAX,2024-01-11,22
FL-1162,FJ209,SUV,SYD,737 MAX,2024-11-20,10
FL-1163,FJ488,NAN,LAX,A350,2023-12-30,0
FL-1164,FJ626,NAN,SIN,A330,2023-08-08,25
FL-1165,FJ421,NAN,SFO,A350,2024-02-22,34
FL-1166,FJ212,NAN,AKL,737 MAX,2024-04-22,26
FL-1167,FJ607,NAN,VLI,ATR-72,2023-05-20,5
FL-1168,FJ395,NAN,HKG,A330,2024-12-22,62
FL-1169,FJ218,NAN,VLI,ATR-72,2023-02-11,123
FL-1170,FJ567,NAN,SIN,A330,2023-10-18,8
FL-1171,FJ803,NAN,TBU,ATR-72,2023-11-16,6
FL-1172,FJ667,SUV,SYD,737 MAX,2023-08-20,0
FL-1173,FJ975,NAN,SIN,A330,2023-10-25,10
FL-1174,FJ977,NAN,SIN,A330,2023-07-13,19
FL-1175,FJ795,NAN,AKL,737 MAX,2024-05-02,42
FL-1176,FJ113,NAN,HKG,A330,2023-07-03,91
FL-1177,FJ207,SUV,SYD,737 MAX,2024-11-19,33
FL-1178,FJ792,NAN,SIN,A330,2024-03-24,12
FL-1179,FJ246,NAN,AKL,737 MAX,2023-05-03,25
FL-1180,FJ204,NAN,SIN,A330,2024-02-15,37
FL-1181,FJ303,NAN,LAX,A350,2023-03-08,12
FL-1182,FJ709,NAN,HKG,A330,2023-07-25,30
FL-1183,FJ338,NAN,SIN,A330,2023-05-06,13
FL-1184,FJ385,NAN,SIN,A330,2024-05-26,9
FL-1185,FJ379,NAN,TBU,ATR-72,2024-08-30,14
FL-1186,FJ587,NAN,SIN,A330,2023-12-31,22
FL-1187,FJ623,NAN,TBU,ATR-72,2024-02-19,25
FL-1188,FJ886,NAN,NRT,A330,2023-05-31,8
FL-1189,FJ225,SUV,SYD,737 MAX,2023-04-21,16
FL-1190,FJ609,NAN,NRT,A330,2024-05-16,48
FL-1191,FJ237,NAN,SFO,A350,2024-10-05,74
FL-1192,FJ855,NAN,SYD,A350,2023-04-12,5
FL-1193,FJ127,NAN,SYD,A350,2023-03-11,0
FL-1194,FJ434,NAN,LAX,A350,2024-01-27,22
FL-1195,FJ736,NAN,LAX,A350,2023-11-07,10
FL-1196,FJ878,NAN,TBU,ATR-72,2023-04-09,0
FL-1197,FJ869,NAN,AKL,737 MAX,2024-11-07,8
FL-1198,FJ911,NAN,VLI,ATR-72,2024-05-19,32
FL-1199,FJ400,SUV,SYD,737 MAX,2023-07-26,31
FL-1200,FJ616,SUV,SYD,737 MAX,2024-05-17,13
FL-1201,FJ451,NAN,NRT,A330,2024-07-09,12
FL-1202,FJ118,NAN,VLI,ATR-72,2024-07-13,17
FL-1203,FJ221,NAN,SYD,A350,2024-03-16,0
FL-1204,FJ422,NAN,SIN,A330,2024-04-05,14
FL-1205,FJ133,NAN,SIN,A330,2024-03-29,0
FL-1206,FJ775,NAN,LAX,A350,2024-07-24,12
FL-1207,FJ268,NAN,NRT,A330,2024-12-24,8
FL-1208,FJ832,SUV,SYD,737 MAX,2024-03-17,22
FL-1209,FJ882,NAN,SIN,A330,2024-05-14,20
FL-1210,FJ791,NAN,AKL,737 MAX,2024-08-05,9
FL-1211,FJ667,SUV,SYD,737 MAX,2024-11-06,0
FL-1212,FJ581,NAN,VLI,ATR-72,2024-08-08,5
FL-1213,FJ974,SUV,SYD,737 MAX,2024-07-29,20
FL-1214,FJ157,NAN,LAX,A350,2024-06-02,0
FL-1215,FJ606,NAN,SIN,A330,2023-09-27,0
FL-1216,FJ461,NAN,TBU,ATR-72,2024-01-22,20
FL-1217,FJ162,NAN,NRT,A330,2023-11-25,28
FL-1218,FJ146,NAN,SYD,A350,2024-08-27,7
FL-1219,FJ859,NAN,LAX,A350,2024-01-11,13
FL-1220,FJ740,NAN,TBU,ATR-72,2023-01-28,58
FL-1221,FJ465,NAN,HKG,A330,2024-01-25,162
FL-1222,FJ157,NAN,SIN,A330,2023-12-26,7
FL-1223,FJ340,NAN,SFO,A350,2023-09-11,33
FL-1224,FJ186,NAN,NRT,A330,2024-08-29,18
FL-1225,FJ217,NAN,AKL,737 MAX,2023-11-09,74
FL-1226,FJ120,NAN,HKG,A330,2023-06-23,12
FL-1227,FJ138,NAN,VLI,ATR-72,2023-11-30,29
FL-1228,FJ984,SUV,SYD,737 MAX,2024-11-04,29
FL-1229,FJ627,NAN,SIN,A330,2024-08-04,13
FL-1230,FJ120,NAN,SIN,A330,2023-10-01,31
FL-1231,FJ122,SUV,SYD,737 MAX,2024-08-25,6
FL-1232,FJ430,NAN,HKG,A330,2024-01-22,0
FL-1233,FJ927,NAN,TBU,ATR-72,2023-04-11,11
FL-1234,FJ807,SUV,SYD,737 MAX,2023-04-13,57
FL-1235,FJ608,NAN,SFO,A350,2023-12-11,13
FL-1236,FJ447,NAN,VLI,ATR-72,2024-11-14,20
FL-1237,FJ406,NAN,LAX,A350,2024-09-21,19
FL-1238,FJ750,NAN,HKG,A330,2024-03-22,0
FL-1239,FJ319,NAN,AKL,737 MAX,2024-07-02,9
FL-1240,FJ148,NAN,NRT,A330,2023-09-29,24
FL-1241,FJ511,NAN,NRT,A330,2024-08-10,71
FL-1242,FJ860,NAN,SFO,A350,2024-10-01,0
FL-1243,FJ197,NAN,AKL,737 MAX,2024-08-15,10
FL-1244,FJ379,NAN,TBU,ATR-72,2023-12-11,0
FL-1245,FJ920,NAN,AKL,737 MAX,2024-08-03,5
FL-1246,FJ537,NAN,VLI,ATR-72,2024-05-01,9
FL-1247,FJ914,NAN,SFO,A350,2023-12-22,15
FL-1248,FJ943,NAN,AKL,737 MAX,2024-10-29,5
FL-1249,FJ923,NAN,NRT,A330,2024-05-31,5
FL-1250,FJ420,NAN,NRT,A330,2024-03-19,30
FL-1251,FJ739,NAN,SFO,A350,2024-02-29,65
FL-1252,FJ787,NAN,VLI,ATR-72,2024-04-09,7
FL-1253,FJ119,NAN,VLI,ATR-72,2023-07-04,23
FL-1254,FJ690,NAN,VLI,ATR-72,2023-07-11,5
FL-1255,FJ776,SUV,SYD,737 MAX,2023-08-07,52
FL-1256,FJ753,SUV,SYD,737 MAX,2023-10-02,22
FL-1257,FJ973,NAN,VLI,ATR-72,2024-09-21,32
FL-1258,FJ844,NAN,SIN,A330,2024-08-02,0
FL-1259,FJ305,NAN,SYD,A350,2024-06-18,18
FL-1260,FJ251,NAN,HKG,A330,2024-04-18,14
FL-1261,FJ864,NAN,SFO,A350,2023-06-04,6
FL-1262,FJ980,NAN,NRT,A330,2024-03-21,6
FL-1263,FJ308,NAN,AKL,737 MAX,2024-10-11,17
FL-1264,FJ943,NAN,SIN,A330,2023-10-01,24
FL-1265,FJ264,NAN,NRT,A330,2024-10-23,0
FL-1266,FJ715,NAN,NRT,A330,2024-12-04,16
FL-1267,FJ253,NAN,SFO,A350,2024-02-20,0
FL-1268,FJ947,NAN,SFO,A350,2023-01-29,0
FL-1269,FJ597,NAN,NRT,A330,2024-04-20,19
FL-1270,FJ137,NAN,VLI,ATR-72,2024-03-22,7
FL-1271,FJ379,NAN,SFO,A350,2023-06-13,11
FL-1272,FJ922,NAN,LAX,A350,2023-01-30,8
FL-1273,FJ663,NAN,NRT,A330,2024-11-05,20
FL-1274,FJ972,NAN,LAX,A350,2024-10-21,12
FL-1275,FJ901,NAN,SYD,A350,2024-05-12,66
FL-1276,FJ185,NAN,SYD,A350,2023-02-26,8
FL-1277,FJ405,NAN,HKG,A330,2024-09-08,26
FL-1278,FJ787,NAN,AKL,737 MAX,2024-02-21,5
FL-1279,FJ841,NAN,AKL,737 MAX,2024-02-11,14
FL-1280,FJ214,NAN,LAX,A350,2023-08-30,16
FL-1281,FJ223,NAN,TBU,ATR-72,2024-05-27,7
FL-1282,FJ948,NAN,VLI,ATR-72,2024-11-11,12
FL-1283,FJ357,NAN,TBU,ATR-72,2024-06-21,6
FL-1284,FJ343,SUV,SYD,737 MAX,2023-04-03,0
FL-1285,FJ891,NAN,TBU,ATR-72,2023-05-06,0
FL-1286,FJ952,NAN,HKG,A330,2023-12-04,24
FL-1287,FJ861,NAN,TBU,ATR-72,2024-02-04,29
FL-1288,FJ209,NAN,SFO,A350,2024-03-09,6
FL-1289,FJ381,NAN,LAX,A350,2023-08-08,10
FL-1290,FJ703,SUV,SYD,737 MAX,2024-02-23,0
FL-1291,FJ646,NAN,SYD,A350,2024-05-17,5
FL-1292,FJ215,NAN,HKG,A330,2024-12-17,30
FL-1293,FJ533,NAN,HKG,A330,2024-07-12,18
FL-1294,FJ352,SUV,SYD,737 MAX,2024-11-30,0
FL-1295,FJ471,NAN,NRT,A330,2023-05-29,5
FL-1296,FJ121,SUV,SYD,737 MAX,2024-01-12,33
FL-1297,FJ778,NAN,TBU,ATR-72,2023-02-05,0
FL-1298,FJ907,NAN,SYD,A350,2024-12-08,8
FL-1299,FJ665,NAN,SFO,A350,2023-09-17,21
FL-1300,FJ754,NAN,SIN,A330,2023-11-13,16
FL-1301,FJ224,NAN,HKG,A330,2024-12-02,12
FL-1302,FJ978,NAN,VLI,ATR-72,2023-08-31,45
FL-1303,FJ361,SUV,SYD,737 MAX,2024-02-02,110
FL-1304,FJ942,NAN,NRT,A330,2023-04-03,27
FL-1305,FJ315,NAN,SFO,A350,2023-11-01,0
FL-1306,FJ931,NAN,LAX,A350,2024-03-25,19
FL-1307,FJ182,NAN,SIN,A330,2023-02-04,40
FL-1308,FJ854,SUV,SYD,737 MAX,2024-04-27,12
FL-1309,FJ834,NAN,SIN,A330,2023-12-07,25
FL-1310,FJ944,NAN,SIN,A330,2023-04-13,34
FL-1311,FJ367,NAN,LAX,A350,2024-12-16,0
FL-1312,FJ716,NAN,VLI,ATR-72,2023-03-09,24
FL-1313,FJ564,NAN,VLI,ATR-72,2023-12-01,50
FL-1314,FJ288,NAN,SYD,A350,2023-02-23,17
FL-1315,FJ239,SUV,SYD,737 MAX,2024-10-18,0
FL-1316,FJ412,NAN,SYD,A350,2024-02-15,0
FL-1317,FJ184,NAN,HKG,A330,2024-08-12,6
FL-1318,FJ355,NAN,AKL,737 MAX,2023-06-11,0
FL-1319,FJ886,NAN,VLI,ATR-72,2024-12-31,14
FL-1320,FJ802,NAN,LAX,A350,2024-08-31,0
FL-1321,FJ562,NAN,SIN,A330,2023-11-24,5
FL-1322,FJ366,SUV,SYD,737 MAX,2023-05-17,11
FL-1323,FJ707,NAN,LAX,A350,2024-12-04,12
FL-1324,FJ303,NAN,HKG,A330,2023-10-16,16
FL-1325,FJ502,NAN,AKL,737 MAX,2024-02-29,24
FL-1326,FJ329,NAN,SIN,A330,2024-08-07,0
FL-1327,FJ762,NAN,SYD,A350,2023-01-24,0
FL-1328,FJ334,NAN,TBU,ATR-72,2024-10-03,0
FL-1329,FJ303,NAN,AKL,737 MAX,2024-04-18,11
FL-1330,FJ972,NAN,NRT,A330,2024-12-19,0
FL-1331,FJ539,NAN,LAX,A350,2023-02-20,27
FL-1332,FJ252,NAN,TBU,ATR-72,2023-09-24,5
FL-1333,FJ680,NAN,AKL,737 MAX,2024-01-12,56
FL-1334,FJ545,NAN,AKL,737 MAX,2023-01-15,13
FL-1335,FJ606,SUV,SYD,737 MAX,2024-11-20,11
FL-1336,FJ830,NAN,AKL,737 MAX,2023-08-18,30
FL-1337,FJ982,NAN,SFO,A350,2023-07-15,24
FL-1338,FJ864,NAN,NRT,A330,2023-10-22,18
FL-1339,FJ976,SUV,SYD,737 MAX,2024-01-27,54
FL-1340,FJ320,NAN,SFO,A350,2024-09-06,10
FL-1341,FJ293,NAN,NRT,A330,2024-11-24,33
FL-1342,FJ518,NAN,SIN,A330,2023-07-04,9
FL-1343,FJ368,NAN,LAX,A350,2023-01-30,36
FL-1344,FJ561,NAN,SFO,A350,2024-09-24,6
FL-1345,FJ762,NAN,SFO,A350,2024-01-14,6
FL-1346,FJ992,SUV,SYD,737 MAX,2023-03-29,99
FL-1347,FJ507,NAN,HKG,A330,2024-12-10,0
FL-1348,FJ492,NAN,SFO,A350,2024-12-31,5
FL-1349,FJ362,NAN,SIN,A330,2024-09-03,7
FL-1350,FJ670,NAN,AKL,737 MAX,2023-04-08,22
FL-1351,FJ340,NAN,SYD,A350,2023-02-23,44
FL-1352,FJ720,SUV,SYD,737 MAX,2023-12-29,22
FL-1353,FJ866,NAN,TBU,ATR-72,2024-12-27,35
FL-1354,FJ734,NAN,SYD,A350,2023-01-06,15
FL-1355,FJ504,NAN,SIN,A330,2023-11-06,0
FL-1356,FJ672,NAN,HKG,A330,2023-05-16,0
FL-1357,FJ283,NAN,SYD,A350,2024-08-17,16
FL-1358,FJ615,NAN,NRT,A330,2023-06-23,7
FL-1359,FJ998,SUV,SYD,737 MAX,2023-12-14,0
FL-1360,FJ191,SUV,SYD,737 MAX,2023-05-16,12
FL-1361,FJ643,NAN,HKG,A330,2024-12-28,21
FL-1362,FJ366,NAN,SIN,A330,2023-05-26,9
FL-1363,FJ145,NAN,AKL,737 MAX,2023-11-17,32
FL-1364,FJ992,NAN,LAX,A350,2024-05-26,26
FL-1365,FJ389,NAN,NRT,A330,2024-01-05,26
FL-1366,FJ949,NAN,NRT,A330,2024-09-19,84
FL-1367,FJ420,NAN,NRT,A330,2024-06-13,6
FL-1368,FJ423,NAN,SIN,A330,2023-06-18,20
FL-1369,FJ669,SUV,SYD,737 MAX,2023-06-04,38
FL-1370,FJ155,SUV,SYD,737 MAX,2023-02-24,17
FL-1371,FJ136,NAN,SFO,A350,2023-07-07,31
FL-1372,FJ267,SUV,SYD,737 MAX,2023-09-24,10
FL-1373,FJ606,SUV,SYD,737 MAX,2024-03-22,17
FL-1374,FJ826,NAN,SYD,A350,2024-03-28,0
FL-1375,FJ568,NAN,VLI,ATR-72,2024-05-11,85
FL-1376,FJ966,SUV,SYD,737 MAX,2023-04-26,32
FL-1377,FJ457,NAN,LAX,A350,2023-05-07,40
FL-1378,FJ989,NAN,AKL,737 MAX,2023-07-28,23
FL-1379,FJ954,NAN,NRT,A330,2023-07-04,0
FL-1380,FJ942,NAN,LAX,A350,2024-06-04,0
FL-1381,FJ779,NAN,NRT,A330,2024-07-30,39
FL-1382,FJ697,NAN,TBU,ATR-72,2023-08-06,10
FL-1383,FJ885,NAN,SYD,A350,2024-06-22,6
FL-1384,FJ526,NAN,TBU,ATR-72,2023-07-04,16
FL-1385,FJ886,NAN,AKL,737 MAX,2023-09-10,10
FL-1386,FJ196,SUV,SYD,737 MAX,2024-11-24,21
FL-1387,FJ796,NAN,HKG,A330,2023-01-27,13
FL-1388,FJ208,NAN,AKL,737 MAX,2024-02-08,23
FL-1389,FJ129,NAN,HKG,A330,2023-06-07,38
FL-1390,FJ950,NAN,AKL,737 MAX,2024-04-16,0
FL-1391,FJ743,SUV,SYD,737 MAX,2024-04-09,7
FL-1392,FJ773,NAN,NRT,A330,2024-08-31,11
FL-1393,FJ144,NAN,SYD,A350,2023-12-04,65
FL-1394,FJ432,NAN,TBU,ATR-72,2024-04-08,9
FL-1395,FJ316,NAN,TBU,ATR-72,2023-05-13,9
FL-1396,FJ389,NAN,SYD,A350,2024-10-21,21
FL-1397,FJ660,NAN,HKG,A330,2023-02-26,10
FL-1398,FJ282,NAN,TBU,ATR-72,2024-01-26,152
FL-1399,FJ313,NAN,SFO,A350,2024-02-13,213
FL-1400,FJ391,NAN,LAX,A350,2024-02-02,14
FL-1401,FJ405,NAN,LAX,A350,2023-05-04,20
FL-1402,FJ417,SUV,SYD,737 MAX,2024-03-18,0
FL-1403,FJ467,NAN,TBU,ATR-72,2023-05-15,23
FL-1404,FJ601,NAN,AKL,737 MAX,2024-01-12,24
FL-1405,FJ676,SUV,SYD,737 MAX,2024-02-02,8
FL-1406,FJ930,NAN,TBU,ATR-72,2024-03-09,114
FL-1407,FJ290,NAN,HKG,A330,2024-09-20,49
FL-1408,FJ536,NAN,SIN,A330,2024-10-07,11
FL-1409,FJ574,NAN,AKL,737 MAX,2023-02-11,21
FL-1410,FJ802,NAN,SFO,A350,2024-10-25,0
FL-1411,FJ639,NAN,LAX,A350,2024-05-22,10
FL-1412,FJ547,NAN,VLI,ATR-72,2023-03-27,33
FL-1413,FJ407,NAN,AKL,737 MAX,2024-05-04,9
FL-1414,FJ800,NAN,LAX,A350,2023-05-11,18
FL-1415,FJ635,NAN,NRT,A330,2023-09-12,0
FL-1416,FJ682,NAN,SIN,A330,2023-10-30,10
FL-1417,FJ178,NAN,SYD,A350,2024-07-18,52
FL-1418,FJ210,NAN,SYD,A350,2024-06-09,16
FL-1419,FJ575,NAN,VLI,ATR-72,2024-03-11,46
FL-1420,FJ463,NAN,TBU,ATR-72,2023-09-17,46
FL-1421,FJ183,NAN,NRT,A330,2024-08-22,57
FL-1422,FJ777,NAN,VLI,ATR-72,2023-01-17,45
FL-1423,FJ905,SUV,SYD,737 MAX,2023-07-03,0
FL-1424,FJ997,NAN,LAX,A350,2024-02-07,167
FL-1425,FJ701,NAN,NRT,A330,2023-11-18,0
FL-1426,FJ560,SUV,SYD,737 MAX,2024-11-17,0
FL-1427,FJ449,NAN,TBU,ATR-72,2023-09-29,0
FL-1428,FJ289,NAN,LAX,A350,2023-08-05,8
FL-1429,FJ365,NAN,AKL,737 MAX,2024-09-10,19
FL-1430,FJ105,NAN,AKL,737 MAX,2024-03-20,10
FL-1431,FJ113,NAN,SIN,A330,2023-04-30,0
FL-1432,FJ588,NAN,LAX,A350,2024-11-02,12
FL-1433,FJ514,SUV,SYD,737 MAX,2024-12-09,11
FL-1434,FJ410,NAN,TBU,ATR-72,2024-05-13,28
FL-1435,FJ469,NAN,TBU,ATR-72,2024-09-23,6
FL-1436,FJ189,NAN,SIN,A330,2023-11-06,0
FL-1437,FJ114,NAN,LAX,A350,2023-05-19,5
FL-1438,FJ935,NAN,SFO,A350,2023-04-25,7
FL-1439,FJ292,NAN,SYD,A350,2024-12-13,18
FL-1440,FJ592,NAN,SYD,A350,2023-08-03,12
FL-1441,FJ347,NAN,LAX,A350,2024-10-27,8
FL-1442,FJ978,NAN,SIN,A330,2024-10-03,9
FL-1443,FJ188,NAN,VLI,ATR-72,2023-07-15,9
FL-1444,FJ251,NAN,NRT,A330,2024-04-19,71
FL-1445,FJ256,SUV,SYD,737 MAX,2024-03-08,86
FL-1446,FJ582,SUV,SYD,737 MAX,2024-05-11,34
FL-1447,FJ699,NAN,SYD,A350,2024-04-05,24
FL-1448,FJ401,NAN,SFO,A350,2023-07-26,0
FL-1449,FJ205,NAN,TBU,ATR-72,2024-02-06,160
FL-1450,FJ854,NAN,SIN,A330,2024-03-01,28
FL-1451,FJ848,NAN,TBU,ATR-72,2024-09-02,22
FL-1452,FJ137,NAN,VLI,ATR-72,2023-10-25,10
FL-1453,FJ705,SUV,SYD,737 MAX,2024-02-14,16
FL-1454,FJ936,NAN,TBU,ATR-72,2024-11-25,5
FL-1455,FJ831,SUV,SYD,737 MAX,2023-08-26,0
FL-1456,FJ119,NAN,SYD,A350,2024-06-24,36
FL-1457,FJ423,NAN,SIN,A330,2024-08-13,45
FL-1458,FJ763,NAN,VLI,ATR-72,2023-03-07,0
FL-1459,FJ219,NAN,SIN,A330,2024-04-29,30
FL-1460,FJ761,SUV,SYD,737 MAX,2024-09-29,27
FL-1461,FJ814,NAN,HKG,A330,2024-04-04,0
FL-1462,FJ843,NAN,SIN,A330,2023-01-22,10
FL-1463,FJ452,NAN,SFO,A350,2024-04-25,10
FL-1464,FJ619,SUV,SYD,737 MAX,2023-08-26,28
FL-1465,FJ801,NAN,SFO,A350,2024-08-24,36
FL-1466,FJ973,NAN,HKG,A330,2024-09-08,0
FL-1467,FJ400,SUV,SYD,737 MAX,2023-05-15,16
FL-1468,FJ789,NAN,SIN,A330,2024-03-02,28
FL-1469,FJ918,NAN,HKG,A330,2024-04-28,30
FL-1470,FJ312,NAN,LAX,A350,2024-09-28,0
FL-1471,FJ867,NAN,NRT,A330,2024-12-08,14
FL-1472,FJ594,NAN,AKL,737 MAX,2024-11-14,38
FL-1473,FJ304,NAN,LAX,A350,2023-06-27,7
FL-1474,FJ603,NAN,LAX,A350,2024-09-12,11
FL-1475,FJ605,NAN,AKL,737 MAX,2024-03-01,32
FL-1476,FJ314,NAN,NRT,A330,2023-08-29,0
FL-1477,FJ467,NAN,VLI,ATR-72,2023-02-18,39
FL-1478,FJ278,NAN,NRT,A330,2024-01-01,7
FL-1479,FJ445,NAN,VLI,ATR-72,2023-02-02,0
FL-1480,FJ732,NAN,SIN,A330,2023-04-27,5
FL-1481,FJ675,NAN,SFO,A350,2023-05-04,0
FL-1482,FJ364,NAN,SFO,A350,2024-05-13,0
FL-1483,FJ887,NAN,HKG,A330,2023-12-30,23
FL-1484,FJ373,NAN,SYD,A350,2024-07-24,0
FL-1485,FJ994,NAN,LAX,A350,2024-12-07,54
FL-1486,FJ785,NAN,VLI,ATR-72,2024-09-10,14
FL-1487,FJ151,NAN,AKL,737 MAX,2024-12-24,12
FL-1488,FJ961,SUV,SYD,737 MAX,2024-04-13,11
FL-1489,FJ900,NAN,AKL,737 MAX,2023-04-19,23
FL-1490,FJ900,NAN,TBU,ATR-72,2024-09-16,12
FL-1491,FJ142,NAN,AKL,737 MAX,2024-07-29,0
FL-1492,FJ271,NAN,VLI,ATR-72,2023-04-18,42
FL-1493,FJ470,NAN,AKL,737 MAX,2023-07-30,11
FL-1494,FJ825,NAN,LAX,A350,2023-10-27,0
FL-1495,FJ610,SUV,SYD,737 MAX,2024-06-02,15
FL-1496,FJ762,NAN,AKL,737 MAX,2023-06-07,20
FL-1497,FJ938,NAN,HKG,A330,2023-12-09,6
FL-1498,FJ968,NAN,LAX,A350,2023-05-06,32
FL-1499,FJ887,NAN,SFO,A350,2024-03-25,22
FL-1500,FJ954,NAN,SYD,A350,2023-09-09,21
FL-1501,FJ393,SUV,SYD,737 MAX,2023-12-16,10
FL-1502,FJ187,NAN,VLI,ATR-72,2023-06-25,65
FL-1503,FJ524,NAN,NRT,A330,2024-01-17,6
FL-1504,FJ780,NAN,HKG,A330,2024-10-06,17
FL-1505,FJ871,NAN,SFO,A350,2023-06-05,7
FL-1506,FJ241,NAN,VLI,ATR-72,2024-03-07,27
FL-1507,FJ569,NAN,SIN,A330,2024-02-28,0
FL-1508,FJ470,NAN,VLI,ATR-72,2024-11-29,0
FL-1509,FJ110,NAN,SYD,A350,2024-03-29,33
FL-1510,FJ511,NAN,VLI,ATR-72,2023-03-13,111
FL-1511,FJ137,NAN,LAX,A350,2024-03-20,165
FL-1512,FJ159,NAN,LAX,A350,2024-08-11,18
FL-1513,FJ529,NAN,VLI,ATR-72,2023-10-30,24
FL-1514,FJ817,NAN,SIN,A330,2024-11-28,0
FL-1515,FJ838,NAN,VLI,ATR-72,2023-11-08,0
FL-1516,FJ108,NAN,HKG,A330,2023-12-19,63
FL-1517,FJ725,NAN,NRT,A330,2024-06-24,17
FL-1518,FJ513,NAN,LAX,A350,2024-12-18,9
FL-1519,FJ310,SUV,SYD,737 MAX,2024-10-21,32
FL-1520,FJ907,NAN,VLI,ATR-72,2024-10-01,14
FL-1521,FJ552,NAN,TBU,ATR-72,2024-10-29,5
FL-1522,FJ514,NAN,HKG,A330,2024-10-26,0
FL-1523,FJ186,NAN,SFO,A350,2023-11-05,10
FL-1524,FJ442,NAN,SYD,A350,2024-07-04,39
FL-1525,FJ632,NAN,SIN,A330,2023-05-10,0
FL-1526,FJ318,NAN,VLI,ATR-72,2023-10-18,0
FL-1527,FJ665,NAN,AKL,737 MAX,2024-06-07,44
FL-1528,FJ448,NAN,NRT,A330,2024-06-17,0
FL-1529,FJ652,NAN,LAX,A350,2023-01-24,180
FL-1530,FJ347,NAN,TBU,ATR-72,2023-09-22,0
FL-1531,FJ213,NAN,NRT,A330,2024-03-08,18
FL-1532,FJ619,NAN,SYD,A350,2024-01-17,9
FL-1533,FJ148,NAN,HKG,A330,2023-05-07,0
FL-1534,FJ405,NAN,AKL,737 MAX,2024-04-04,17
FL-1535,FJ341,NAN,TBU,ATR-72,2023-01-06,22
FL-1536,FJ831,NAN,TBU,ATR-72,2024-08-02,22
FL-1537,FJ339,NAN,VLI,ATR-72,2024-09-01,20
FL-1538,FJ391,NAN,HKG,A330,2023-11-03,13
FL-1539,FJ243,NAN,TBU,ATR-72,2024-11-19,14
FL-1540,FJ855,NAN,SIN,A330,2024-06-16,20
FL-1541,FJ435,NAN,SFO,A350,2023-04-18,23
FL-1542,FJ297,NAN,VLI,ATR-72,2024-08-19,21
FL-1543,FJ200,NAN,HKG,A330,2024-04-10,17
FL-1544,FJ535,NAN,LAX,A350,2024-12-29,0
FL-1545,FJ233,NAN,SIN,A330,2023-03-25,114
FL-1546,FJ556,SUV,SYD,737 MAX,2023-08-08,6
FL-1547,FJ512,NAN,AKL,737 MAX,2024-01-14,50
FL-1548,FJ631,NAN,TBU,ATR-72,2024-07-26,28
FL-1549,FJ698,NAN,SIN,A330,2023-09-28,16
FL-1550,FJ533,SUV,SYD,737 MAX,2024-10-13,5
FL-1551,FJ601,SUV,SYD,737 MAX,2024-12-06,0
FL-1552,FJ247,NAN,SIN,A330,2023-06-16,45
FL-1553,FJ596,NAN,VLI,ATR-72,2023-05-11,44
FL-1554,FJ821,SUV,SYD,737 MAX,2023-05-13,0
FL-1555,FJ220,NAN,VLI,ATR-72,2024-06-25,31
FL-1556,FJ584,NAN,SFO,A350,2024-04-11,11
FL-1557,FJ672,NAN,SYD,A350,2023-06-10,7
FL-1558,FJ716,NAN,HKG,A330,2023-05-02,26
FL-1559,FJ223,NAN,SIN,A330,2023-04-23,19
FL-1560,FJ396,NAN,HKG,A330,2024-08-08,30
FL-1561,FJ256,NAN,SYD,A350,2024-06-19,0
FL-1562,FJ483,NAN,AKL,737 MAX,2024-01-16,7
FL-1563,FJ597,NAN,NRT,A330,2023-10-29,7
FL-1564,FJ245,NAN,SYD,A350,2023-05-27,8
FL-1565,FJ412,NAN,TBU,ATR-72,2024-03-07,187
FL-1566,FJ287,NAN,NRT,A330,2023-08-09,6
FL-1567,FJ457,SUV,SYD,737 MAX,2023-01-03,11
FL-1568,FJ686,NAN,AKL,737 MAX,2023-02-15,9
FL-1569,FJ563,NAN,NRT,A330,2024-08-02,26
FL-1570,FJ837,NAN,HKG,A330,2024-01-22,18
FL-1571,FJ880,NAN,TBU,ATR-72,2023-05-16,21
FL-1572,FJ751,NAN,LAX,A350,2024-05-31,0
FL-1573,FJ783,SUV,SYD,737 MAX,2024-04-05,7
FL-1574,FJ987,SUV,SYD,737 MAX,2023-06-02,0
FL-1575,FJ919,NAN,HKG,A330,2023-04-02,0
FL-1576,FJ738,NAN,TBU,ATR-72,2024-11-11,6
FL-1577,FJ504,NAN,SIN,A330,2024-02-01,0
FL-1578,FJ146,NAN,HKG,A330,2024-07-07,18
FL-1579,FJ761,SUV,SYD,737 MAX,2023-10-12,125
FL-1580,FJ824,NAN,AKL,737 MAX,2023-06-19,0
FL-1581,FJ745,NAN,SYD,A350,2024-08-08,34
FL-1582,FJ760,NAN,NRT,A330,2024-07-28,0
FL-1583,FJ672,NAN,AKL,737 MAX,2024-10-21,22
FL-1584,FJ733,NAN,AKL,737 MAX,2023-07-17,20
FL-1585,FJ875,NAN,VLI,ATR-72,2024-08-13,46
FL-1586,FJ634,NAN,SYD,A350,2024-08-06,0
FL-1587,FJ614,NAN,SFO,A350,2024-05-02,7
FL-1588,FJ774,NAN,SYD,A350,2023-05-04,0
FL-1589,FJ119,NAN,VLI,ATR-72,2023-07-04,10
FL-1590,FJ351,NAN,NRT,A330,2023-07-30,48
FL-1591,FJ721,NAN,TBU,ATR-72,2024-03-30,158
FL-1592,FJ603,NAN,HKG,A330,2024-02-16,25
FL-1593,FJ547,NAN,SYD,A350,2023-12-15,15
FL-1594,FJ424,NAN,LAX,A350,2024-02-29,169
FL-1595,FJ193,NAN,SIN,A330,2023-09-21,11
FL-1596,FJ654,NAN,AKL,737 MAX,2023-04-12,0
FL-1597,FJ247,NAN,LAX,A350,2023-10-20,36
FL-1598,FJ886,NAN,LAX,A350,2023-09-19,6
FL-1599,FJ414,NAN,AKL,737 MAX,2023-06-07,0
FL-1600,FJ273,NAN,SIN,A330,2024-11-25,0
FL-1601,FJ433,NAN,SYD,A350,2024-09-21,18
FL-1602,FJ405,NAN,LAX,A350,2023-01-28,18
FL-1603,FJ427,NAN,SIN,A330,2023-04-12,6
FL-1604,FJ364,NAN,LAX,A350,2024-02-27,25
FL-1605,FJ153,NAN,SIN,A330,2023-05-04,29
FL-1606,FJ870,NAN,SFO,A350,2023-09-03,50
FL-1607,FJ342,NAN,TBU,ATR-72,2024-08-23,17
FL-1608,FJ870,SUV,SYD,737 MAX,2024-06-04,30
FL-1609,FJ375,NAN,VLI,ATR-72,2024-01-30,27
FL-1610,FJ575,NAN,SYD,A350,2023-11-22,5
FL-1611,FJ517,NAN,VLI,ATR-72,2024-02-21,70
FL-1612,FJ700,NAN,SFO,A350,2023-01-20,13
FL-1613,FJ881,NAN,AKL,737 MAX,2023-09-10,0
FL-1614,FJ904,NAN,VLI,ATR-72,2024-10-29,7
FL-1615,FJ681,NAN,LAX,A350,2023-11-08,12
FL-1616,FJ185,NAN,SIN,A330,2024-04-01,0
FL-1617,FJ901,NAN,VLI,ATR-72,2023-07-28,0
FL-1618,FJ272,NAN,LAX,A350,2024-01-18,12
FL-1619,FJ533,NAN,SFO,A350,2024-07-04,26
FL-1620,FJ142,NAN,VLI,ATR-72,2024-04-07,35
FL-1621,FJ949,NAN,SYD,A350,2024-04-20,15
FL-1622,FJ768,NAN,TBU,ATR-72,2023-10-24,12
FL-1623,FJ593,NAN,LAX,A350,2023-01-01,186
FL-1624,FJ356,NAN,NRT,A330,2024-09-04,0
FL-1625,FJ962,NAN,SIN,A330,2023-12-26,0
FL-1626,FJ960,NAN,SFO,A350,2024-08-22,31
FL-1627,FJ146,NAN,VLI,ATR-72,2023-10-16,12
FL-1628,FJ676,NAN,LAX,A350,2024-06-30,31
FL-1629,FJ191,NAN,AKL,737 MAX,2023-11-04,24
FL-1630,FJ225,NAN,SIN,A330,2024-12-16,0
FL-1631,FJ386,NAN,LAX,A350,2024-07-23,14
FL-1632,FJ725,NAN,SIN,A330,2023-08-04,11
FL-1633,FJ798,NAN,VLI,ATR-72,2023-11-22,11
FL-1634,FJ367,NAN,HKG,A330,2024-10-12,15
FL-1635,FJ351,SUV,SYD,737 MAX,2023-10-07,80
FL-1636,FJ315,NAN,HKG,A330,2023-12-16,33
FL-1637,FJ436,SUV,SYD,737 MAX,2024-09-05,46
FL-1638,FJ236,NAN,SYD,A350,2024-12-09,0
FL-1639,FJ587,NAN,SYD,A350,2024-09-15,0
FL-1640,FJ523,NAN,SYD,A350,2023-01-10,0
FL-1641,FJ820,NAN,VLI,ATR-72,2024-12-14,6
FL-1642,FJ906,SUV,SYD,737 MAX,2024-02-07,11
FL-1643,FJ131,NAN,AKL,737 MAX,2024-07-05,20
FL-1644,FJ226,SUV,SYD,737 MAX,2024-11-19,13
FL-1645,FJ466,NAN,HKG,A330,2024-01-21,46
FL-1646,FJ959,NAN,SIN,A330,2023-07-01,56
FL-1647,FJ573,NAN,SYD,A350,2023-05-08,0
FL-1648,FJ555,NAN,HKG,A330,2023-07-17,38
FL-1649,FJ860,NAN,SYD,A350,2023-08-15,13
FL-1650,FJ796,NAN,SYD,A350,2023-10-15,12
FL-1651,FJ192,NAN,HKG,A330,2023-07-16,30
FL-1652,FJ410,NAN,TBU,ATR-72,2024-10-02,0
FL-1653,FJ605,NAN,SFO,A350,2023-08-28,42
FL-1654,FJ820,NAN,HKG,A330,2023-02-07,22
FL-1655,FJ107,NAN,TBU,ATR-72,2023-08-03,41
FL-1656,FJ505,NAN,SFO,A350,2024-10-15,103
FL-1657,FJ682,NAN,AKL,737 MAX,2023-10-12,14
FL-1658,FJ274,NAN,VLI,ATR-72,2024-05-20,0
FL-1659,FJ775,NAN,VLI,ATR-72,2023-07-18,0
FL-1660,FJ798,NAN,TBU,ATR-72,2024-11-19,7
FL-1661,FJ279,NAN,TBU,ATR-72,2024-08-01,0
FL-1662,FJ231,NAN,AKL,737 MAX,2024-08-25,33
FL-1663,FJ365,NAN,AKL,737 MAX,2023-05-11,7
FL-1664,FJ635,NAN,TBU,ATR-72,2023-08-22,74
FL-1665,FJ968,NAN,NRT,A330,2023-07-16,24
FL-1666,FJ794,NAN,SYD,A350,2024-12-10,0
FL-1667,FJ358,NAN,VLI,ATR-72,2024-09-21,12
FL-1668,FJ102,NAN,VLI,ATR-72,2024-04-09,12
FL-1669,FJ789,NAN,SIN,A330,2024-10-18,13
FL-1670,FJ542,NAN,SYD,A350,2023-11-27,15
FL-1671,FJ224,NAN,SIN,A330,2023-10-08,0
FL-1672,FJ607,NAN,VLI,ATR-72,2024-04-22,23
FL-1673,FJ877,NAN,HKG,A330,2024-06-13,13
FL-1674,FJ148,NAN,SYD,A350,2023-08-18,31
FL-1675,FJ423,NAN,NRT,A330,2024-03-06,33
FL-1676,FJ183,NAN,SYD,A350,2024-02-06,5
FL-1677,FJ331,NAN,TBU,ATR-72,2023-01-26,0
FL-1678,FJ301,NAN,SIN,A330,2023-03-18,24
FL-1679,FJ418,NAN,LAX,A350,2023-12-04,76
FL-1680,FJ740,NAN,AKL,737 MAX,2024-10-03,11
FL-1681,FJ927,NAN,AKL,737 MAX,2023-01-29,6
FL-1682,FJ916,NAN,SYD,A350,2024-08-29,0
FL-1683,FJ353,NAN,HKG,A330,2023-09-14,6
FL-1684,FJ344,NAN,AKL,737 MAX,2024-04-29,7
FL-1685,FJ632,NAN,HKG,A330,2023-02-25,11
FL-1686,FJ734,NAN,SFO,A350,2023-03-16,21
FL-1687,FJ740,SUV,SYD,737 MAX,2023-04-08,6
FL-1688,FJ227,SUV,SYD,737 MAX,2024-08-15,0
FL-1689,FJ486,NAN,AKL,737 MAX,2023-03-04,9
FL-1690,FJ166,NAN,HKG,A330,2024-12-11,38
FL-1691,FJ552,NAN,LAX,A350,2023-03-05,13
FL-1692,FJ725,NAN,SYD,A350,2023-11-05,66
FL-1693,FJ157,NAN,SIN,A330,2023-03-09,14
FL-1694,FJ490,NAN,VLI,ATR-72,2023-02-23,6
FL-1695,FJ732,NAN,SIN,A330,2023-04-09,0
FL-1696,FJ985,NAN,SIN,A330,2023-08-27,23
FL-1697,FJ738,NAN,TBU,ATR-72,2024-11-06,15
FL-1698,FJ493,NAN,SYD,A350,2024-04-09,18
FL-1699,FJ734,SUV,SYD,737 MAX,2024-03-14,28
FL-1700,FJ766,NAN,AKL,737 MAX,2023-12-14,25
FL-1701,FJ629,NAN,SYD,A350,2024-04-09,0
FL-1702,FJ297,NAN,HKG,A330,2024-08-24,32
FL-1703,FJ112,NAN,AKL,737 MAX,2023-04-16,15
FL-1704,FJ169,NAN,TBU,ATR-72,2024-12-31,9
FL-1705,FJ686,NAN,TBU,ATR-72,2023-07-18,15
FL-1706,FJ621,NAN,LAX,A350,2024-10-14,18
FL-1707,FJ531,NAN,NRT,A330,2023-12-30,0
FL-1708,FJ555,SUV,SYD,737 MAX,2024-09-27,10
FL-1709,FJ240,NAN,LAX,A350,2023-09-06,8
FL-1710,FJ698,NAN,SYD,A350,2023-03-03,8
FL-1711,FJ767,NAN,SIN,A330,2024-06-09,0
FL-1712,FJ697,NAN,HKG,A330,2023-11-15,0
FL-1713,FJ250,NAN,VLI,ATR-72,2023-05-30,0
FL-1714,FJ717,SUV,SYD,737 MAX,2023-11-13,9
FL-1715,FJ477,NAN,HKG,A330,2023-10-26,44
FL-1716,FJ700,NAN,SYD,A350,2024-06-14,0
FL-1717,FJ938,NAN,LAX,A350,2023-02-28,10
FL-1718,FJ300,NAN,VLI,ATR-72,2023-02-25,7
FL-1719,FJ306,NAN,SFO,A350,2024-10-17,30
FL-1720,FJ293,NAN,AKL,737 MAX,2023-12-16,0
FL-1721,FJ808,SUV,SYD,737 MAX,2024-12-12,0
FL-1722,FJ809,SUV,SYD,737 MAX,2024-09-06,0
FL-1723,FJ679,NAN,HKG,A330,2024-08-15,99
FL-1724,FJ406,NAN,HKG,A330,2024-09-22,16
FL-1725,FJ266,NAN,SIN,A330,2023-12-03,0
FL-1726,FJ997,NAN,AKL,737 MAX,2024-04-10,6
FL-1727,FJ324,NAN,SYD,A350,2024-05-22,0
FL-1728,FJ328,NAN,SYD,A350,2024-10-16,0
FL-1729,FJ738,NAN,SFO,A350,2024-04-22,31
FL-1730,FJ592,NAN,SFO,A350,2023-09-02,13
FL-1731,FJ288,NAN,HKG,A330,2024-01-20,19
FL-1732,FJ130,NAN,SYD,A350,2024-01-07,113
FL-1733,FJ245,NAN,VLI,ATR-72,2023-04-28,16
FL-1734,FJ699,NAN,NRT,A330,2024-03-26,5
FL-1735,FJ303,NAN,HKG,A330,2023-02-14,7
FL-1736,FJ278,NAN,SFO,A350,2023-10-18,21
FL-1737,FJ836,NAN,SFO,A350,2023-09-26,0
FL-1738,FJ967,NAN,LAX,A350,2023-12-14,19
FL-1739,FJ282,NAN,VLI,ATR-72,2023-09-09,38
FL-1740,FJ368,NAN,SFO,A350,2023-01-23,0
FL-1741,FJ240,NAN,AKL,737 MAX,2023-01-22,45
FL-1742,FJ906,NAN,SIN,A330,2024-11-01,0
FL-1743,FJ315,NAN,AKL,737 MAX,2023-12-13,8
FL-1744,FJ345,NAN,NRT,A330,2024-04-12,18
FL-1745,FJ639,NAN,HKG,A330,2024-01-17,16
FL-1746,FJ166,NAN,TBU,ATR-72,2024-03-20,0
FL-1747,FJ233,NAN,AKL,737 MAX,2023-05-28,32
FL-1748,FJ645,NAN,SFO,A350,2023-07-16,72
FL-1749,FJ483,NAN,SIN,A330,2024-12-12,0
FL-1750,FJ539,NAN,HKG,A330,2024-09-05,45
FL-1751,FJ701,NAN,SFO,A350,2023-02-17,16
FL-1752,FJ401,NAN,SFO,A350,2024-07-02,54
FL-1753,FJ353,NAN,LAX,A350,2023-12-02,0
FL-1754,FJ914,NAN,SYD,A350,2024-10-06,31
FL-1755,FJ971,NAN,NRT,A330,2023-05-10,0
FL-1756,FJ600,NAN,VLI,ATR-72,2024-08-21,42
FL-1757,FJ909,NAN,SFO,A350,2023-03-25,22
FL-1758,FJ497,NAN,TBU,ATR-72,2023-03-08,9
FL-1759,FJ575,NAN,VLI,ATR-72,2024-01-19,0
FL-1760,FJ829,NAN,LAX,A350,2023-11-26,33
FL-1761,FJ811,NAN,HKG,A330,2024-06-22,18
FL-1762,FJ585,SUV,SYD,737 MAX,2024-05-21,8
FL-1763,FJ510,NAN,NRT,A330,2024-08-18,11
FL-1764,FJ137,NAN,TBU,ATR-72,2024-10-27,35
FL-1765,FJ307,NAN,SFO,A350,2023-08-13,8
FL-1766,FJ505,SUV,SYD,737 MAX,2023-08-29,0
FL-1767,FJ535,NAN,SFO,A350,2023-11-10,48
FL-1768,FJ260,NAN,SIN,A330,2024-08-08,9
FL-1769,FJ663,NAN,HKG,A330,2023-09-18,8
FL-1770,FJ869,NAN,AKL,737 MAX,2023-05-18,0
FL-1771,FJ555,NAN,AKL,737 MAX,2023-10-30,45
FL-1772,FJ335,NAN,VLI,ATR-72,2023-12-27,0
FL-1773,FJ736,NAN,TBU,ATR-72,2023-02-12,20
FL-1774,FJ542,NAN,HKG,A330,2024-03-12,42
FL-1775,FJ424,NAN,SIN,A330,2024-01-12,0
FL-1776,FJ339,NAN,NRT,A330,2024-01-27,151
FL-1777,FJ177,NAN,NRT,A330,2024-10-22,10
FL-1778,FJ613,NAN,HKG,A330,2023-03-26,21
FL-1779,FJ759,NAN,VLI,ATR-72,2024-07-13,9
FL-1780,FJ333,NAN,AKL,737 MAX,2023-10-11,23
FL-1781,FJ173,NAN,AKL,737 MAX,2023-05-02,5
FL-1782,FJ441,NAN,HKG,A330,2023-02-09,0
FL-1783,FJ437,NAN,SFO,A350,2024-11-22,59
FL-1784,FJ863,NAN,NRT,A330,2023-11-06,0
FL-1785,FJ822,NAN,NRT,A330,2023-07-15,34
FL-1786,FJ975,NAN,TBU,ATR-72,2023-05-22,0
FL-1787,FJ108,NAN,VLI,ATR-72,2023-09-25,9
FL-1788,FJ942,NAN,NRT,A330,2023-10-16,34
FL-1789,FJ941,NAN,HKG,A330,2024-02-18,0
FL-1790,FJ112,NAN,TBU,ATR-72,2024-11-02,40
FL-1791,FJ624,SUV,SYD,737 MAX,2024-10-31,13
FL-1792,FJ840,NAN,LAX,A350,2024-02-12,9
FL-1793,FJ339,NAN,SFO,A350,2024-04-30,21
FL-1794,FJ904,NAN,VLI,ATR-72,2024-08-24,8
FL-1795,FJ839,NAN,VLI,ATR-72,2024-04-24,8
FL-1796,FJ910,SUV,SYD,737 MAX,2023-12-15,26
FL-1797,FJ966,NAN,AKL,737 MAX,2023-11-17,7
FL-1798,FJ814,NAN,SFO,A350,2024-03-15,0
FL-1799,FJ549,NAN,SIN,A330,2023-08-03,32
FL-1800,FJ130,SUV,SYD,737 MAX,2024-07-25,32
FL-1801,FJ691,NAN,HKG,A330,2023-05-23,13
FL-1802,FJ855,NAN,LAX,A350,2023-11-09,14
FL-1803,FJ929,NAN,SYD,A350,2024-05-26,23
FL-1804,FJ330,NAN,HKG,A330,2023-12-14,14
FL-1805,FJ513,NAN,SIN,A330,2024-03-11,10
FL-1806,FJ433,NAN,VLI,ATR-72,2023-11-03,105
FL-1807,FJ132,NAN,TBU,ATR-72,2023-01-24,0
FL-1808,FJ438,NAN,LAX,A350,2023-06-07,17
FL-1809,FJ918,NAN,TBU,ATR-72,2024-10-06,43
FL-1810,FJ687,NAN,TBU,ATR-72,2024-09-14,23
FL-1811,FJ500,NAN,SIN,A330,2024-01-26,42
FL-1812,FJ495,NAN,AKL,737 MAX,2024-07-01,8
FL-1813,FJ211,NAN,SFO,A350,2024-05-01,6
FL-1814,FJ562,NAN,HKG,A330,2024-08-06,38
FL-1815,FJ275,NAN,NRT,A330,2023-04-06,10
FL-1816,FJ666,NAN,AKL,737 MAX,2024-11-22,24
FL-1817,FJ717,NAN,LAX,A350,2023-02-02,0
FL-1818,FJ171,SUV,SYD,737 MAX,2023-01-28,28
FL-1819,FJ310,NAN,SIN,A330,2023-10-18,15
FL-1820,FJ775,NAN,SFO,A350,2023-10-26,6
FL-1821,FJ477,NAN,VLI,ATR-72,2023-03-13,13
FL-1822,FJ980,NAN,VLI,ATR-72,2023-01-12,23
FL-1823,FJ213,NAN,SIN,A330,2024-02-05,0
FL-1824,FJ528,NAN,LAX,A350,2024-07-03,20
FL-1825,FJ986,SUV,SYD,737 MAX,2023-03-12,15
FL-1826,FJ991,NAN,SFO,A350,2023-05-14,0
FL-1827,FJ542,NAN,SFO,A350,2023-11-14,27
FL-1828,FJ718,SUV,SYD,737 MAX,2023-06-12,7
FL-1829,FJ701,NAN,TBU,ATR-72,2023-11-14,6
FL-1830,FJ833,NAN,SFO,A350,2024-05-29,12
FL-1831,FJ306,SUV,SYD,737 MAX,2023-10-10,22
FL-1832,FJ556,NAN,SYD,A350,2023-05-27,52
FL-1833,FJ352,NAN,AKL,737 MAX,2024-02-13,0
FL-1834,FJ682,NAN,VLI,ATR-72,2023-12-03,10
FL-1835,FJ573,SUV,SYD,737 MAX,2024-04-16,0
FL-1836,FJ394,NAN,TBU,ATR-72,2023-02-10,28
FL-1837,FJ817,SUV,SYD,737 MAX,2023-12-22,11
FL-1838,FJ929,NAN,NRT,A330,2024-02-05,24
FL-1839,FJ732,NAN,LAX,A350,2024-03-01,7
FL-1840,FJ493,NAN,SIN,A330,2024-04-13,37
FL-1841,FJ682,NAN,LAX,A350,2024-12-16,15
FL-1842,FJ144,NAN,AKL,737 MAX,2024-02-07,57
FL-1843,FJ380,NAN,SFO,A350,2023-06-11,0
FL-1844,FJ782,NAN,VLI,ATR-72,2023-10-26,14
FL-1845,FJ843,NAN,AKL,737 MAX,2024-12-15,29
FL-1846,FJ521,NAN,SFO,A350,2024-05-20,18
FL-1847,FJ477,NAN,VLI,ATR-72,2023-05-05,0
FL-1848,FJ616,NAN,AKL,737 MAX,2023-04-18,71
FL-1849,FJ358,NAN,HKG,A330,2024-02-24,7
FL-1850,FJ145,NAN,SFO,A350,2024-06-02,5
FL-1851,FJ791,SUV,SYD,737 MAX,2023-01-28,161
FL-1852,FJ508,SUV,SYD,737 MAX,2024-01-26,15
FL-1853,FJ217,NAN,SFO,A350,2024-02-11,121
FL-1854,FJ786,NAN,LAX,A350,2023-12-01,9
FL-1855,FJ572,SUV,SYD,737 MAX,2024-05-11,11
FL-1856,FJ348,NAN,AKL,737 MAX,2023-03-26,15
FL-1857,FJ582,SUV,SYD,737 MAX,2023-05-24,10
FL-1858,FJ274,NAN,NRT,A330,2023-06-15,49
FL-1859,FJ202,NAN,SYD,A350,2024-09-13,38
FL-1860,FJ227,NAN,LAX,A350,2023-10-29,12
FL-1861,FJ787,NAN,VLI,ATR-72,2024-02-05,0
FL-1862,FJ379,NAN,SYD,A350,2024-11-24,46
FL-1863,FJ321,NAN,LAX,A350,2024-03-27,0
FL-1864,FJ645,NAN,SYD,A350,2024-11-22,5
FL-1865,FJ956,NAN,SFO,A350,2024-03-28,0
FL-1866,FJ778,NAN,VLI,ATR-72,2024-10-18,0
FL-1867,FJ554,NAN,AKL,737 MAX,2024-02-04,32
FL-1868,FJ104,NAN,SYD,A350,2024-09-04,17
FL-1869,FJ355,NAN,SYD,A350,2024-01-22,62
FL-1870,FJ304,NAN,HKG,A330,2023-09-02,5
FL-1871,FJ114,NAN,AKL,737 MAX,2023-01-17,13
FL-1872,FJ796,NAN,HKG,A330,2023-07-16,75
FL-1873,FJ198,NAN,AKL,737 MAX,2023-08-14,35
FL-1874,FJ145,NAN,LAX,A350,2023-06-21,26
FL-1875,FJ210,NAN,SIN,A330,2024-06-08,0
FL-1876,FJ675,NAN,HKG,A330,2023-11-27,29
FL-1877,FJ312,NAN,SFO,A350,2024-10-01,8
FL-1878,FJ223,NAN,VLI,ATR-72,2024-02-09,15
FL-1879,FJ208,NAN,SFO,A350,2023-08-07,18
FL-1880,FJ277,NAN,HKG,A330,2023-11-28,18
FL-1881,FJ112,NAN,SYD,A350,2024-02-16,25
FL-1882,FJ569,NAN,SIN,A330,2023-08-06,21
FL-1883,FJ385,NAN,SFO,A350,2023-03-09,0
FL-1884,FJ323,NAN,TBU,ATR-72,2024-01-13,185
FL-1885,FJ885,NAN,SIN,A330,2023-11-05,21
FL-1886,FJ204,NAN,TBU,ATR-72,2024-05-26,7
FL-1887,FJ275,NAN,VLI,ATR-72,2024-08-05,7
FL-1888,FJ714,NAN,NRT,A330,2023-04-08,0
FL-1889,FJ813,NAN,HKG,A330,2024-10-08,10
FL-1890,FJ889,NAN,SIN,A330,2024-11-25,86
FL-1891,FJ279,NAN,LAX,A350,2023-12-07,6
FL-1892,FJ593,NAN,HKG,A330,2024-11-13,15
FL-1893,FJ118,NAN,AKL,737 MAX,2023-12-10,27
FL-1894,FJ559,NAN,TBU,ATR-72,2024-08-22,0
FL-1895,FJ755,NAN,SIN,A330,2024-06-07,46
FL-1896,FJ701,NAN,SFO,A350,2024-05-30,9
FL-1897,FJ121,NAN,SYD,A350,2023-08-27,40
FL-1898,FJ416,NAN,TBU,ATR-72,2023-05-08,0
FL-1899,FJ734,NAN,SFO,A350,2024-03-14,0
FL-1900,FJ610,NAN,AKL,737 MAX,2023-03-03,7
FL-1901,FJ255,NAN,NRT,A330,2023-07-26,8
FL-1902,FJ757,NAN,SIN,A330,2023-07-29,37
FL-1903,FJ842,NAN,SYD,A350,2023-09-01,0
FL-1904,FJ436,NAN,TBU,ATR-72,2024-03-30,20
FL-1905,FJ425,NAN,LAX,A350,2023-10-12,0
FL-1906,FJ910,NAN,SYD,A350,2024-06-17,34
FL-1907,FJ932,NAN,SIN,A330,2024-10-25,30
FL-1908,FJ850,NAN,NRT,A330,2023-01-25,13
FL-1909,FJ348,NAN,HKG,A330,2023-12-17,0
FL-1910,FJ155,NAN,SFO,A350,2024-07-06,20
FL-1911,FJ812,NAN,SFO,A350,2024-12-04,0
FL-1912,FJ993,NAN,SFO,A350,2024-09-14,0
FL-1913,FJ429,NAN,SIN,A330,2024-06-17,19
FL-1914,FJ166,NAN,LAX,A350,2024-03-28,94
FL-1915,FJ153,SUV,SYD,737 MAX,2023-03-13,44
FL-1916,FJ228,NAN,LAX,A350,2023-07-29,17
FL-1917,FJ706,NAN,AKL,737 MAX,2023-06-27,15
FL-1918,FJ341,NAN,VLI,ATR-72,2023-07-29,128
FL-1919,FJ578,NAN,VLI,ATR-72,2023-03-22,15
FL-1920,FJ838,NAN,NRT,A330,2023-06-18,10
FL-1921,FJ534,NAN,SFO,A350,2023-09-08,48
FL-1922,FJ354,NAN,LAX,A350,2024-09-12,5
FL-1923,FJ690,NAN,NRT,A330,2023-10-20,0
FL-1924,FJ306,SUV,SYD,737 MAX,2024-10-12,20
FL-1925,FJ181,NAN,NRT,A330,2024-05-07,0
FL-1926,FJ582,NAN,HKG,A330,2024-02-12,9
FL-1927,FJ852,SUV,SYD,737 MAX,2024-03-08,11
FL-1928,FJ939,NAN,SIN,A330,2023-06-09,15
FL-1929,FJ537,SUV,SYD,737 MAX,2023-01-21,95
FL-1930,FJ709,NAN,AKL,737 MAX,2023-11-04,0
FL-1931,FJ666,NAN,VLI,ATR-72,2023-06-06,9
FL-1932,FJ489,NAN,LAX,A350,2023-09-21,0
FL-1933,FJ564,SUV,SYD,737 MAX,2023-11-10,18
FL-1934,FJ592,NAN,NRT,A330,2024-01-20,26
FL-1935,FJ239,NAN,AKL,737 MAX,2023-12-08,13
FL-1936,FJ258,SUV,SYD,737 MAX,2023-07-20,5
FL-1937,FJ847,NAN,SFO,A350,2023-01-05,143
FL-1938,FJ514,NAN,HKG,A330,2024-05-18,15
FL-1939,FJ482,NAN,SIN,A330,2024-02-09,0
FL-1940,FJ415,NAN,SIN,A330,2024-05-16,10
FL-1941,FJ139,NAN,TBU,ATR-72,2023-03-14,11
FL-1942,FJ266,NAN,AKL,737 MAX,2024-01-30,81
FL-1943,FJ889,NAN,SFO,A350,2024-03-22,37
FL-1944,FJ826,NAN,HKG,A330,2024-06-05,26
FL-1945,FJ805,SUV,SYD,737 MAX,2024-10-12,43
FL-1946,FJ159,NAN,HKG,A330,2024-12-14,26
FL-1947,FJ348,NAN,SIN,A330,2024-03-10,46
FL-1948,FJ470,SUV,SYD,737 MAX,2023-02-05,0
FL-1949,FJ781,NAN,SYD,A350,2024-12-15,12
FL-1950,FJ719,NAN,LAX,A350,2023-09-25,27
FL-1951,FJ250,SUV,SYD,737 MAX,2024-11-28,17
FL-1952,FJ716,NAN,NRT,A330,2023-09-11,0
FL-1953,FJ961,NAN,TBU,ATR-72,2024-11-09,8
FL-1954,FJ194,NAN,LAX,A350,2023-01-13,7
FL-1955,FJ182,NAN,SIN,A330,2024-02-12,6
FL-1956,FJ997,NAN,VLI,ATR-72,2023-07-13,8
FL-1957,FJ949,NAN,SIN,A330,2023-06-19,14
FL-1958,FJ808,NAN,SIN,A330,2023-09-16,38
FL-1959,FJ645,NAN,NRT,A330,2024-05-27,27
FL-1960,FJ415,NAN,SIN,A330,2024-08-23,36
FL-1961,FJ211,NAN,SIN,A330,2023-04-02,43
FL-1962,FJ933,NAN,TBU,ATR-72,2023-12-19,10
FL-1963,FJ866,NAN,LAX,A350,2023-10-03,8
FL-1964,FJ106,NAN,SFO,A350,2024-02-12,0
FL-1965,FJ101,NAN,LAX,A350,2024-05-18,53
FL-1966,FJ527,NAN,AKL,737 MAX,2023-03-13,0
FL-1967,FJ850,NAN,VLI,ATR-72,2024-03-02,27
FL-1968,FJ280,NAN,SIN,A330,2023-06-24,9
FL-1969,FJ820,NAN,HKG,A330,2023-07-10,59
FL-1970,FJ598,NAN,LAX,A350,2023-07-22,10
FL-1971,FJ212,NAN,LAX,A350,2024-05-29,33
FL-1972,FJ933,SUV,SYD,737 MAX,2024-08-03,6
FL-1973,FJ305,NAN,SFO,A350,2023-07-10,7
FL-1974,FJ928,NAN,SYD,A350,2023-07-07,18
FL-1975,FJ992,NAN,SFO,A350,2023-09-23,124
FL-1976,FJ739,NAN,SIN,A330,2024-03-27,14
FL-1977,FJ270,NAN,AKL,737 MAX,2024-10-13,55
FL-1978,FJ187,NAN,AKL,737 MAX,2023-10-28,30
FL-1979,FJ383,NAN,SIN,A330,2023-05-08,31
FL-1980,FJ130,NAN,AKL,737 MAX,2023-12-17,11
FL-1981,FJ589,NAN,TBU,ATR-72,2023-08-29,9
FL-1982,FJ878,SUV,SYD,737 MAX,2024-11-19,0
FL-1983,FJ107,NAN,AKL,737 MAX,2023-01-10,222
FL-1984,FJ910,NAN,TBU,ATR-72,2023-02-12,190
FL-1985,FJ879,NAN,SYD,A350,2024-01-20,27
FL-1986,FJ584,NAN,NRT,A330,2024-05-12,7
FL-1987,FJ539,NAN,HKG,A330,2024-09-10,5
FL-1988,FJ451,NAN,HKG,A330,2024-01-15,89
FL-1989,FJ469,NAN,HKG,A330,2023-09-03,0
FL-1990,FJ464,NAN,SIN,A330,2024-01-23,37
FL-1991,FJ103,NAN,HKG,A330,2023-04-13,8
FL-1992,FJ511,SUV,SYD,737 MAX,2024-12-16,10
FL-1993,FJ989,NAN,LAX,A350,2023-01-27,35
FL-1994,FJ816,NAN,VLI,ATR-72,2023-10-14,0
FL-1995,FJ802,NAN,SFO,A350,2024-01-13,8
FL-1996,FJ523,SUV,SYD,737 MAX,2024-06-11,60
FL-1997,FJ932,NAN,SFO,A350,2023-01-04,24
FL-1998,FJ994,NAN,HKG,A330,2023-01-18,28
FL-1999,FJ794,NAN,SYD,A350,2023-11-30,28
